<?xml version="1.0" encoding="UTF-8"?>
<!DOCTYPE suite SYSTEM "http://testng.org/testng-1.0.dtd">
<suite name="All Test Suite">
    <listeners>
        <listener class-name="utils.Listeners"/>
    </listeners>
    <test verbose="2" preserve-order="true" name="C:/Users/sohel.abbasi/workspace/TestNgFrameworkB10">
    <groups>
        <run>
            <include name="smoke"/>
        </run>
    </groups>
      <packages>
              <package name="testcases"/>
      </packages>
    </test>
</suite>